Name,Email,Phone,City
Lawrence Hardy,theresa84@example.com,+1-738-675-2841x54251,Lake Micheal
Cameron Morgan,tranbrent@example.com,+1-426-960-9309x66069,Lake Stephanieburgh
Jorge Garza MD,holly51@example.net,(220)416-1995,Marymouth
Kenneth Knight,omccarthy@example.org,+1-516-248-1418x661,Port Eric
Suzanne Davis,rodney20@example.net,001-447-339-8447,North Christopher
Heather Rose,rwright@example.net,345-656-5433x68154,New Jennifershire
Rebecca Parsons,danajones@example.net,820-396-6556x38184,North Valerie
Christine Thornton,jonathan10@example.com,001-348-852-4128x7706,Lake Robert
Andre Bennett,dudleyalexander@example.org,986-429-6474,Port Davidfurt
Drew Romero,reyeslori@example.org,+1-949-252-3882,New Carol
